사용월,호선명,역ID,지하철역,유임승차,유임하차,무임승차,무임하차
Sep-20,1호선,1,서울역,724320,711203,137054,128369
Sep-20,1호선,10,동묘앞,106120,112366,123144,123667
Sep-20,1호선,2,시청,376545,376445,50389,47503
Sep-20,1호선,3,종각,600944,591275,95352,89734
Sep-20,1호선,4,종로3가,316661,287846,226692,213457
Sep-20,1호선,5,종로5가,295041,301544,198655,190007
Sep-20,1호선,6,동대문,184244,184462,94355,95369
Sep-20,1호선,7,신설동,226849,227364,92148,88012
Sep-20,1호선,8,제기동,202713,199630,246990,268967
Sep-20,1호선,9,청량리(서울시립대입구),278851,272423,242323,252268
Sep-20,2호선,11,시청,431147,424000,35332,31482
Sep-20,2호선,12,을지로입구,727392,745838,69868,65576
Sep-20,2호선,13,을지로3가,363805,362930,52539,51274
Sep-20,2호선,14,을지로4가,207153,206706,75846,73774
Sep-20,2호선,15,동대문역사문화공원(DDP),227270,257432,37587,39523
Sep-20,2호선,16,신당,246284,250421,75735,77857
Sep-20,2호선,17,상왕십리,260078,248579,47392,47816
Sep-20,2호선,18,왕십리(성동구청),315491,257021,37939,32287
Sep-20,2호선,19,한양대,144842,154060,10034,10448
Sep-20,2호선,20,뚝섬,392526,425793,43207,44047
Sep-20,2호선,21,성수,623188,695933,77881,79334
Sep-20,2호선,22,건대입구,685525,746414,65132,67688
Sep-20,2호선,23,구의(광진구청),448296,433768,74006,75494
Sep-20,2호선,24,강변(동서울터미널),611091,625203,81944,80915
Sep-20,2호선,25,잠실나루,246940,237997,56207,56479
Sep-20,2호선,26,잠실(송파구청),1270679,1255126,118662,112801
Sep-20,2호선,27,잠실새내,363411,369392,70431,70938
Sep-20,2호선,28,종합운동장,123812,133886,24767,25195
Sep-20,2호선,29,삼성(무역센터),952461,973589,76061,68815
Sep-20,2호선,30,선릉,989990,884721,151019,133504
Sep-20,2호선,31,역삼,888150,986847,109201,109433
Sep-20,2호선,32,강남,1565184,1575148,120841,106900
Sep-20,2호선,33,교대(법원.검찰청),603592,681203,103397,113899
Sep-20,2호선,34,서초,395364,386735,48481,48639
Sep-20,2호선,35,방배,314754,326891,51098,50016
Sep-20,2호선,36,사당,688562,766018,120338,116623
Sep-20,2호선,37,낙성대(강감찬),555860,523098,77880,78956
Sep-20,2호선,38,서울대입구(관악구청),944313,913854,135252,129418
Sep-20,2호선,39,봉천,457479,411780,105397,105909
Sep-20,2호선,40,신림,1313103,1249688,163147,165747
Sep-20,2호선,41,신대방,529607,503697,91842,93075
Sep-20,2호선,42,구로디지털단지,1216483,1212858,116839,118547
Sep-20,2호선,43,대림(구로구청),511997,523077,82645,85679
Sep-20,2호선,44,신도림,970462,950750,137427,129589
Sep-20,2호선,45,문래,394497,407917,55265,54475
Sep-20,2호선,46,영등포구청,421578,429591,73345,73116
Sep-20,2호선,47,당산,378259,436689,43990,48020
Sep-20,2호선,48,합정,613106,651066,48997,48729
Sep-20,2호선,49,홍대입구,1002313,1070633,68516,65912
Sep-20,2호선,50,신촌,596545,626474,85443,82790
Sep-20,2호선,51,이대,229569,236812,32021,33228
Sep-20,2호선,52,아현,180480,170677,48276,48038
Sep-20,2호선,53,충정로(경기대입구),183878,193758,36582,36449
Sep-20,2호선,54,용답,46802,45319,14126,13486
Sep-20,2호선,55,신답,26411,30856,7873,8223
Sep-20,2호선,56,신설동,53257,50166,24514,26510
Sep-20,2호선,57,도림천,23831,24550,5416,5780
Sep-20,2호선,58,양천구청,113528,120579,32253,32888
Sep-20,2호선,59,신정네거리,169032,174219,50427,51796
Sep-20,2호선,60,용두(동대문구청),35128,36330,20585,22149
Sep-20,3호선,61,지축,60451,58451,12667,13217
Sep-20,3호선,62,구파발,382568,365068,83550,79716
Sep-20,3호선,63,연신내,684600,634595,195957,188778
Sep-20,3호선,64,불광,279850,301833,99915,110375
Sep-20,3호선,65,녹번,274743,242196,54519,53825
Sep-20,3호선,66,홍제,290022,272451,106288,104455
Sep-20,3호선,67,무악재,65387,64784,20731,22595
Sep-20,3호선,68,독립문,108542,115091,53409,51762
Sep-20,3호선,69,경복궁(정부서울청사),329665,328044,50863,47450
Sep-20,3호선,70,안국,332167,352114,45225,45713
Sep-20,3호선,71,종로3가,159531,194302,42075,47475
Sep-20,3호선,72,을지로3가,171902,184168,39078,38022
Sep-20,3호선,73,충무로,17,0,3,0
Sep-20,3호선,74,동대입구,141046,148916,23978,25680
Sep-20,3호선,75,약수,230144,225844,60179,57375
Sep-20,3호선,76,금호,145306,132872,40224,39290
Sep-20,3호선,77,옥수,164659,171191,42764,42755
Sep-20,3호선,78,압구정,605612,654174,90593,87743
Sep-20,3호선,79,신사,589589,634604,52067,49201
Sep-20,3호선,80,잠원,95392,94164,24392,23768
Sep-20,3호선,81,고속터미널,783391,820278,106977,102678
Sep-20,3호선,82,교대(법원.검찰청),243449,161341,44334,27546
Sep-20,3호선,83,남부터미널(예술의전당),538176,564092,78688,79395
Sep-20,3호선,84,양재(서초구청),708346,771600,97495,98649
Sep-20,3호선,85,매봉,210489,201893,40295,36383
Sep-20,3호선,86,도곡,96377,99148,17333,15297
Sep-20,3호선,87,대치,181918,178020,41721,39776
Sep-20,3호선,88,학여울,27722,28496,9520,9378
Sep-20,3호선,89,대청,168012,151548,39637,37817
Sep-20,3호선,90,일원,157351,155392,41165,40503
Sep-20,3호선,91,수서,282943,292806,72874,71784
Sep-20,3호선,92,가락시장,145109,143578,61059,60012
Sep-20,3호선,93,경찰병원,133226,131690,29704,30435
Sep-20,3호선,94,오금,117244,104274,19913,19378
Sep-20,4호선,100,수유(강북구청),641952,628973,144716,143489
Sep-20,4호선,101,미아(서울사이버대학),268481,252299,85687,87630
Sep-20,4호선,102,미아사거리,508860,491777,134963,134304
Sep-20,4호선,103,길음,366223,350871,80532,80807
Sep-20,4호선,104,성신여대입구(돈암),379778,362669,60558,58628
Sep-20,4호선,105,한성대입구(삼선교),249926,244004,52294,51667
Sep-20,4호선,106,혜화,564113,571219,89247,86699
Sep-20,4호선,107,동대문,343104,354475,110605,106238
Sep-20,4호선,108,동대문역사문화공원(DDP),289094,272206,39209,35271
Sep-20,4호선,109,충무로,474820,495630,85298,85196
Sep-20,4호선,110,명동,335442,355836,37766,38178
Sep-20,4호선,111,회현(남대문시장),378123,404282,108686,108245
Sep-20,4호선,112,서울역,197323,282003,27570,29664
Sep-20,4호선,113,숙대입구(갈월),241831,238421,38459,35983
Sep-20,4호선,114,삼각지,80961,90884,16846,17358
Sep-20,4호선,115,신용산,280838,300060,36237,36073
Sep-20,4호선,116,이촌(국립중앙박물관),120262,138886,29626,32632
Sep-20,4호선,117,동작(현충원),42321,44512,19919,19245
Sep-20,4호선,118,총신대입구(이수),325011,357660,107622,113684
Sep-20,4호선,119,사당,477879,404027,56817,54491
Sep-20,4호선,120,남태령,19751,16321,6280,5961
Sep-20,4호선,95,당고개,225706,202925,68733,68511
Sep-20,4호선,96,상계,352434,321319,87097,84820
Sep-20,4호선,97,노원,357281,409626,62055,61080
Sep-20,4호선,98,창동,452838,483800,144915,151099
Sep-20,4호선,99,쌍문,565021,503107,115673,114075
Sep-20,경부선,121,서울역,90923,26723,5768,1418
Sep-20,경부선,122,남영,183112,191337,27952,29212
Sep-20,경부선,123,용산,619405,645820,83980,83218
Sep-20,경부선,124,노량진,161190,162867,28389,27427
Sep-20,경부선,125,대방,237296,241655,46839,46258
Sep-20,경부선,126,영등포,728234,759419,152955,151723
Sep-20,경부선,127,신도림,74383,72467,19290,20909
Sep-20,경부선,151,신길,184247,150585,31122,28611
Sep-20,경부선,249,구로,373629,383799,71853,69703
Sep-20,경부선,250,가산디지털단지,345466,412293,24941,27096
Sep-20,경부선,251,금천구청,206598,203322,56200,56701
Sep-20,경부선,252,석수,197501,172807,36318,34917
Sep-20,경부선,253,관악,132547,121637,37661,35699
Sep-20,경부선,254,안양,415857,415220,78328,82266
Sep-20,경부선,255,명학,170569,168249,31811,30687
Sep-20,경부선,256,금정,501207,513786,78221,80510
Sep-20,경부선,257,군포,146644,144854,27941,27189
Sep-20,경부선,258,의왕,164558,162854,32231,32117
Sep-20,경부선,259,성균관대,275374,269864,35474,35917
Sep-20,경부선,260,화서,134829,129913,28010,27573
Sep-20,경부선,261,수원,701870,753012,96093,100075
Sep-20,경부선,262,독산,319405,337567,49304,50801
Sep-20,경부선,263,세류,59439,56765,10938,10669
Sep-20,경부선,264,병점,261548,259239,39632,39237
Sep-20,경부선,265,세마,46620,42657,10201,9420
Sep-20,경부선,266,오산대,58960,54816,11076,10548
Sep-20,경부선,267,오산,187620,185735,30253,31418
Sep-20,경부선,268,진위,30231,26837,5794,5356
Sep-20,경부선,269,송탄,84955,79093,14993,14588
Sep-20,경부선,270,서정리,114078,111297,19113,18765
Sep-20,경부선,271,지제,52828,48906,6302,5718
Sep-20,경부선,272,평택,228780,226584,42796,41644
Sep-20,경부선,273,성환,74388,73405,14860,15245
Sep-20,경부선,274,직산,13511,13951,3250,3146
Sep-20,경부선,275,두정,104836,106061,13826,14169
Sep-20,경부선,276,천안,91078,93795,33318,33728
Sep-20,경부선,277,당정,116627,111593,20889,20193
Sep-20,경부선,278,서동탄,28469,23684,6679,6497
Sep-20,경부선,279,광명,60936,53631,5722,5430
Sep-20,경인선,293,개봉,386419,390711,111138,116276
Sep-20,경인선,294,오류동,207679,192014,64511,62943
Sep-20,경인선,295,역곡,509029,501683,109236,111389
Sep-20,경인선,296,부천,622028,628835,151901,154445
Sep-20,경인선,297,송내,534498,533689,85876,84733
Sep-20,경인선,298,부평,585619,633209,98226,100373
Sep-20,경인선,299,백운,123444,121095,43547,44569
Sep-20,경인선,300,동암,297236,298696,69351,69762
Sep-20,경인선,301,주안,371215,337847,62078,56447
Sep-20,경인선,302,제물포,181526,170948,44901,44512
Sep-20,경인선,303,동인천,241338,229618,82439,79934
Sep-20,경인선,304,인천,57510,41351,28196,25342
Sep-20,경인선,305,구일,109599,111935,30188,30260
Sep-20,경인선,306,소사,174305,167004,48912,47995
Sep-20,경인선,307,부개,149229,138980,45321,44491
Sep-20,경인선,308,간석,99559,95216,31915,30735
Sep-20,경인선,309,도원,47930,48113,23373,24619
Sep-20,경인선,310,온수(성공회대입구),118363,114565,35680,34872
Sep-20,경인선,311,중동,160439,150651,49044,49085
Sep-20,경인선,312,도화,59245,52482,26454,25395
Sep-20,경원선,128,이촌(국립중앙박물관),68818,50044,19349,16138
Sep-20,경원선,129,서빙고,31996,27790,11220,10393
Sep-20,경원선,130,한남,74616,70194,22489,20971
Sep-20,경원선,131,옥수,939,690,94,74
Sep-20,경원선,132,응봉,28744,24384,12762,11264
Sep-20,경원선,133,왕십리(성동구청),268168,308843,44755,49572
Sep-20,경원선,134,청량리(서울시립대입구),215244,241744,110519,117462
Sep-20,경원선,136,외대앞,135635,130538,37675,37526
Sep-20,경원선,137,신이문,149148,134888,52625,51630
Sep-20,경원선,138,석계,146721,168141,47939,51235
Sep-20,경원선,139,광운대,142114,133418,41248,40055
Sep-20,경원선,140,월계,95912,89609,46409,44506
Sep-20,경원선,141,녹천,78910,64611,29457,26872
Sep-20,경원선,142,창동,6,0,0,0
Sep-20,경원선,358,방학,141662,138236,80611,80426
Sep-20,경원선,359,도봉,89107,83932,55944,55480
Sep-20,경원선,360,도봉산,120673,63509,86470,68925
Sep-20,경원선,361,망월사,115746,118942,52546,53951
Sep-20,경원선,362,회룡,180206,176625,102965,102735
Sep-20,경원선,363,의정부,336670,348227,79829,80827
Sep-20,경원선,364,가능,110725,105744,42804,42265
Sep-20,경원선,365,녹양,77734,74738,27170,26392
Sep-20,경원선,366,양주,136609,127737,42581,41960
Sep-20,경원선,367,덕계,45474,40203,14428,14194
Sep-20,경원선,368,덕정,101489,99547,26364,26620
Sep-20,경원선,369,지행,110386,109515,31680,31249
Sep-20,경원선,370,동두천중앙,46762,45193,26373,26854
Sep-20,경원선,371,보산,26600,24638,10940,10401
Sep-20,경원선,372,동두천,27872,32786,16245,21463
Sep-20,경원선,373,소요산,27144,21789,58795,52282
Sep-20,안산선,280,산본,289849,312969,66002,67210
Sep-20,안산선,281,대야미,93978,82982,23509,22042
Sep-20,안산선,282,반월,80206,76109,22280,22059
Sep-20,안산선,283,상록수,339889,333160,52981,53734
Sep-20,안산선,284,한대앞,155634,154903,31657,32469
Sep-20,안산선,285,중앙,316528,336173,37261,36619
Sep-20,안산선,286,고잔,160121,154863,24650,23705
Sep-20,안산선,287,초지,84573,86458,10988,11545
Sep-20,안산선,288,안산,265909,243917,29069,26268
Sep-20,안산선,289,신길온천,30909,28143,8148,7922
Sep-20,안산선,290,정왕,170494,180229,18233,19783
Sep-20,안산선,291,오이도,177310,174111,28228,28049
Sep-20,안산선,292,수리산,73339,57671,24202,22646
Sep-20,과천선,230,선바위,167406,145437,24761,24516
Sep-20,과천선,231,경마공원,19971,19915,6563,6521
Sep-20,과천선,232,대공원,35161,38489,28124,28998
Sep-20,과천선,233,과천,87920,76911,24474,23367
Sep-20,과천선,234,정부과천청사,163205,162744,32938,32511
Sep-20,과천선,235,인덕원,446584,456876,70257,72503
Sep-20,과천선,236,평촌,335232,333226,44734,44900
Sep-20,과천선,237,범계,478778,468779,68912,67442
Sep-20,분당선,143,선릉,240954,367317,29743,38255
Sep-20,분당선,144,한티,252570,268886,45130,45822
Sep-20,분당선,145,도곡,111231,112025,28381,27776
Sep-20,분당선,146,구룡,27977,27249,9058,9011
Sep-20,분당선,147,개포동,58788,61232,14351,14449
Sep-20,분당선,148,대모산입구,57044,51650,20866,20490
Sep-20,분당선,149,수서,242633,255712,43715,44905
Sep-20,분당선,150,복정,7,0,0,0
Sep-20,분당선,313,수원,159994,121071,22804,18606
Sep-20,분당선,314,서울숲,189679,192978,19631,18772
Sep-20,분당선,315,압구정로데오,345308,394981,32727,31322
Sep-20,분당선,316,강남구청,167042,195667,26164,28666
Sep-20,분당선,317,선정릉,148930,160492,18680,17771
Sep-20,분당선,318,가천대,132047,151575,18858,19891
Sep-20,분당선,319,태평,246503,231519,67361,70342
Sep-20,분당선,320,모란,345018,338372,127272,138362
Sep-20,분당선,321,야탑,444504,473597,97907,97845
Sep-20,분당선,322,서현,436258,449257,81583,78493
Sep-20,분당선,323,수내,223999,225302,50427,48738
Sep-20,분당선,324,정자,292222,307417,45266,44337
Sep-20,분당선,325,미금,258228,276709,71878,76171
Sep-20,분당선,326,오리,202769,170762,53044,46725
Sep-20,분당선,327,이매,88957,83224,26995,25843
Sep-20,분당선,328,보정,37976,31406,12892,12317
Sep-20,분당선,329,죽전,243717,268329,45575,48488
Sep-20,분당선,330,구성,80346,83935,23397,23548
Sep-20,분당선,331,신갈,75238,73842,17793,17978
Sep-20,분당선,332,기흥,173179,164740,27813,27660
Sep-20,분당선,333,상갈,93518,89537,20381,19708
Sep-20,분당선,334,청명,76300,71448,12772,12835
Sep-20,분당선,335,영통,151145,155233,18907,18993
Sep-20,분당선,336,망포,260595,246078,24103,23380
Sep-20,분당선,337,매탄권선,86086,81350,12507,12023
Sep-20,분당선,338,수원시청,223941,246316,27091,27426
Sep-20,분당선,339,매교,45333,46239,11783,12147
Sep-20,일산선,374,원흥,164963,155265,39766,39063
Sep-20,일산선,375,지축,1,0,0,0
Sep-20,일산선,376,삼송,328910,318723,70074,70235
Sep-20,일산선,377,원당,192813,182056,59498,58409
Sep-20,일산선,378,화정,288484,299379,81999,84106
Sep-20,일산선,379,대곡,31422,22991,9890,9419
Sep-20,일산선,380,백석,170691,174238,52931,52410
Sep-20,일산선,381,마두,113213,118335,44784,46406
Sep-20,일산선,382,정발산,123863,129455,33193,31232
Sep-20,일산선,383,주엽,128654,129471,58163,59928
Sep-20,일산선,384,대화,232549,179602,55495,51090
Sep-20,중앙선,135,회기,434319,411967,93152,90911
Sep-20,중앙선,152,중랑,93217,87387,38467,37736
Sep-20,중앙선,153,상봉(시외버스터미널),109210,107387,31593,30422
Sep-20,중앙선,154,망우,125074,120649,53850,54255
Sep-20,중앙선,155,양원,25960,27021,11858,11991
Sep-20,중앙선,156,구리,242857,246918,60577,61012
Sep-20,중앙선,157,도농,176475,160159,43887,42784
Sep-20,중앙선,158,양정,13425,11774,7499,6971
Sep-20,중앙선,159,덕소,97133,95902,35780,36010
Sep-20,중앙선,160,도심,42476,31882,14359,13359
Sep-20,중앙선,161,팔당,21239,21928,8095,8153
Sep-20,중앙선,162,운길산,15774,14081,9797,9501
Sep-20,중앙선,163,양수,30850,31282,16603,16887
Sep-20,중앙선,164,신원,3622,2598,4363,3876
Sep-20,중앙선,165,국수,10579,10201,6980,7139
Sep-20,중앙선,166,아신,9450,9446,4511,4400
Sep-20,중앙선,167,오빈,3948,3968,2984,3072
Sep-20,중앙선,168,양평,41774,42108,22713,22888
Sep-20,중앙선,169,원덕,4381,4371,4569,4466
Sep-20,중앙선,170,용문,23303,24791,26964,27277
Sep-20,중앙선,171,지평,676,565,749,673
Sep-20,장항선,224,봉명,17266,16707,7486,7244
Sep-20,장항선,225,쌍용(나사렛대),34647,32010,8026,7708
Sep-20,장항선,226,아산,52747,49359,7597,7219
Sep-20,장항선,227,배방,18046,17795,4508,4442
Sep-20,장항선,228,온양온천,53181,54691,29405,30496
Sep-20,장항선,229,신창(순천향대),26624,25426,5277,5097
Sep-20,경의선,173,신촌,13204,16991,2786,2877
Sep-20,경의선,174,효창공원앞,51389,58284,10875,11839
Sep-20,경의선,176,서강대,37480,35152,7883,7533
Sep-20,경의선,178,가좌,85280,77049,32454,32212
Sep-20,경의선,180,수색,41847,42324,11045,10769
Sep-20,경의선,181,화전,25167,22889,7822,7762
Sep-20,경의선,182,강매,53319,44449,13407,12801
Sep-20,경의선,183,행신,142217,141197,23403,23921
Sep-20,경의선,184,능곡,61428,54829,22742,22268
Sep-20,경의선,185,곡산,9214,9746,3791,3839
Sep-20,경의선,186,백마,119710,113886,23040,23008
Sep-20,경의선,187,풍산,93750,88548,22447,21898
Sep-20,경의선,188,일산,155941,155187,43121,43603
Sep-20,경의선,189,탄현,134592,130408,25784,25212
Sep-20,경의선,190,야당,103962,99545,22173,21707
Sep-20,경의선,191,운정,108205,101799,24120,24101
Sep-20,경의선,192,금릉,76157,75324,18231,18094
Sep-20,경의선,193,금촌,111274,110110,31723,32476
Sep-20,경의선,194,월롱,39643,36858,6795,7298
Sep-20,경의선,195,파주,21070,14400,6506,5616
Sep-20,경의선,196,문산,85627,85142,32384,32591
Sep-20,경의선,197,임진강,356,250,306,331
Sep-20,경의선,198,서울역,69616,85212,10128,12844
Sep-20,경의선,199,공덕,61920,56065,9482,9286
Sep-20,경의선,200,홍대입구,33209,36289,3689,4078
Sep-20,경의선,201,디지털미디어시티,44978,43028,7782,7885
Sep-20,경의선,203,계양,4,0,0,0
Sep-20,경춘선,205,신내,23172,24456,10118,9970
Sep-20,경춘선,206,갈매,51425,43591,14303,13601
Sep-20,경춘선,207,별내,47058,45442,14634,14185
Sep-20,경춘선,208,퇴계원,62829,57004,20274,19388
Sep-20,경춘선,209,사릉,62810,59590,16562,16454
Sep-20,경춘선,210,금곡,23246,21942,12068,11655
Sep-20,경춘선,211,평내호평,100177,100408,32059,30759
Sep-20,경춘선,212,천마산,24029,22136,13805,14261
Sep-20,경춘선,213,마석,62240,61020,25136,25349
Sep-20,경춘선,214,대성리,9377,8529,5264,4858
Sep-20,경춘선,215,청평,25055,25518,13392,13499
Sep-20,경춘선,216,상천,4571,3722,5093,5089
Sep-20,경춘선,217,가평,27566,28816,11115,11020
Sep-20,경춘선,218,굴봉산,1880,1892,2130,2158
Sep-20,경춘선,219,백양리,1547,1345,898,936
Sep-20,경춘선,220,강촌,7867,7568,4272,4409
Sep-20,경춘선,221,김유정,4811,5677,2660,2920
Sep-20,경춘선,222,남춘천,38847,40036,15220,15327
Sep-20,경춘선,223,춘천,23365,21184,10162,9178
Sep-20,수인선,340,고색,29462,29869,5957,5855
Sep-20,수인선,341,오목천,26684,24463,5233,5430
Sep-20,수인선,342,어천,6117,5712,2024,2004
Sep-20,수인선,343,야목,2612,2557,1295,1301
Sep-20,수인선,344,사리,41005,39702,8727,8455
Sep-20,수인선,345,달월,1229,982,865,656
Sep-20,수인선,346,월곶,47440,43993,10776,10668
Sep-20,수인선,347,소래포구,89341,88355,50668,50207
Sep-20,수인선,348,인천논현,96686,102643,22410,22912
Sep-20,수인선,349,호구포,64921,66466,14355,14072
Sep-20,수인선,350,남동인더스파크,44808,49522,5618,5607
Sep-20,수인선,351,원인재,75064,78307,23148,23130
Sep-20,수인선,352,연수,80840,80508,20420,20215
Sep-20,수인선,353,송도,41402,37404,16155,15860
Sep-20,수인선,354,인하대,102592,95154,18479,17960
Sep-20,수인선,355,숭의,65176,60040,20665,20108
Sep-20,수인선,356,신포,28850,29672,9599,9844
Sep-20,수인선,357,인천,14834,28800,11496,14100
Sep-20,경강선,238,판교,82587,80468,8983,7960
Sep-20,경강선,239,이매,18830,15535,4411,3997
Sep-20,경강선,240,삼동,41234,37204,8206,7839
Sep-20,경강선,241,경기광주,132896,126022,19726,20404
Sep-20,경강선,242,초월,55500,53180,9274,9199
Sep-20,경강선,243,곤지암,37829,39098,8434,8875
Sep-20,경강선,244,신둔도예촌,20525,19521,4633,4517
Sep-20,경강선,245,이천,44797,48299,8719,9072
Sep-20,경강선,246,부발,36374,34326,5028,5007
Sep-20,경강선,247,세종대왕릉,4234,4389,2418,2469
Sep-20,경강선,248,여주,31944,34523,9878,9933
Sep-20,5호선,385,방화,114912,108651,36624,35144
Sep-20,5호선,386,개화산,90541,85781,26533,26862
Sep-20,5호선,387,김포공항,129129,129013,20834,22599
Sep-20,5호선,388,송정,117398,108909,37395,36432
Sep-20,5호선,389,마곡,159584,155665,26290,25513
Sep-20,5호선,390,발산,334020,348311,60767,58548
Sep-20,5호선,391,우장산,247648,242498,61273,63945
Sep-20,5호선,392,화곡,533598,489552,104646,99721
Sep-20,5호선,393,까치산,557703,525407,115607,117597
Sep-20,5호선,394,신정(은행정),268313,205106,44970,43537
Sep-20,5호선,395,목동,313528,345020,59612,60790
Sep-20,5호선,396,오목교(목동운동장앞),421927,461903,59219,58899
Sep-20,5호선,397,양평,135986,135155,21381,21190
Sep-20,5호선,398,영등포구청,72479,73198,15084,14810
Sep-20,5호선,399,영등포시장,154009,158747,41864,42839
Sep-20,5호선,400,신길,74275,80331,8346,8776
Sep-20,5호선,401,여의도,479847,511308,35798,32997
Sep-20,5호선,402,여의나루,159190,162430,17425,16656
Sep-20,5호선,403,마포,253993,263680,44006,43225
Sep-20,5호선,404,공덕,259556,281084,30395,28544
Sep-20,5호선,405,애오개,121642,122476,25870,25210
Sep-20,5호선,406,충정로(경기대입구),88514,89626,10676,10826
Sep-20,5호선,407,서대문,315889,323299,44705,41968
Sep-20,5호선,408,광화문(세종문화회관),545517,571217,46478,44278
Sep-20,5호선,409,종로3가,178236,176362,66874,72351
Sep-20,5호선,410,을지로4가,91423,96107,36617,37093
Sep-20,5호선,411,동대문역사문화공원(DDP),52458,61061,6428,6967
Sep-20,5호선,412,청구,71864,69278,19504,15265
Sep-20,5호선,413,신금호,111317,111241,26398,29892
Sep-20,5호선,414,행당,144212,128267,36474,32173
Sep-20,5호선,415,왕십리(성동구청),83207,94139,17208,16626
Sep-20,5호선,416,마장,100086,92759,30882,30432
Sep-20,5호선,417,답십리,297650,268503,57260,55712
Sep-20,5호선,418,장한평,335709,329739,61380,61758
Sep-20,5호선,419,군자(능동),219606,237743,28207,28170
Sep-20,5호선,420,아차산(어린이대공원후문),260800,257716,70063,68667
Sep-20,5호선,421,광나루(장신대),240052,217627,48919,47102
Sep-20,5호선,422,천호(풍납토성),325556,325567,88112,92373
Sep-20,5호선,423,강동,357668,327282,70729,67326
Sep-20,5호선,424,길동,124789,130304,46959,48751
Sep-20,5호선,425,굽은다리(강동구민회관앞),160724,151955,46183,42948
Sep-20,5호선,426,명일,138507,141847,41697,43967
Sep-20,5호선,427,고덕,150437,147815,38968,38659
Sep-20,5호선,428,상일동,277978,241992,59727,55812
Sep-20,5호선,429,둔촌동,138631,139071,42775,43680
Sep-20,5호선,430,올림픽공원(한국체대),70445,60575,21661,19202
Sep-20,5호선,431,방이,118257,122614,30530,29794
Sep-20,5호선,432,오금,69583,68239,14169,13546
Sep-20,5호선,433,개롱,107500,111978,30562,31863
Sep-20,5호선,434,거여,136337,127772,39734,39062
Sep-20,5호선,435,마천,92864,91832,39056,40826
Sep-20,5호선,436,미사,213525,213535,34433,34746
Sep-20,5호선,437,하남풍산,79375,80432,16687,18297
Sep-20,6호선,438,응암,313817,308216,86036,84718
Sep-20,6호선,439,역촌,62342,76060,24515,23525
Sep-20,6호선,440,불광,78067,83478,31129,26476
Sep-20,6호선,441,독바위,50334,52821,15192,19250
Sep-20,6호선,442,연신내,16,0,1,0
Sep-20,6호선,443,구산,128435,86898,33082,37189
Sep-20,6호선,444,새절(신사),228254,209654,63375,63910
Sep-20,6호선,445,증산(명지대앞),178840,171568,52881,53180
Sep-20,6호선,446,디지털미디어시티,254369,276315,39286,39896
Sep-20,6호선,447,월드컵경기장(성산),76003,82321,48422,46997
Sep-20,6호선,448,마포구청,259095,227031,54224,48944
Sep-20,6호선,449,망원,261364,289002,64757,67652
Sep-20,6호선,450,합정,260313,254979,27794,25740
Sep-20,6호선,451,상수,153330,176928,15852,15956
Sep-20,6호선,452,광흥창(서강),157896,150594,31051,30578
Sep-20,6호선,453,대흥(서강대앞),139264,143930,31921,31358
Sep-20,6호선,454,공덕,337892,329747,53540,50185
Sep-20,6호선,455,효창공원앞,129614,114246,30064,28090
Sep-20,6호선,456,삼각지,107832,92537,11005,8900
Sep-20,6호선,457,녹사평(용산구청),95294,94869,14027,13299
Sep-20,6호선,458,이태원,183197,193171,22778,23585
Sep-20,6호선,459,한강진,147474,174250,11846,11358
Sep-20,6호선,460,버티고개,39906,36864,10849,12867
Sep-20,6호선,461,약수,62545,62216,17166,16402
Sep-20,6호선,462,청구,71927,73797,14490,17099
Sep-20,6호선,463,신당,149857,162163,25687,24316
Sep-20,6호선,464,동묘앞,136741,141228,52859,48393
Sep-20,6호선,465,창신,64919,51506,14139,13091
Sep-20,6호선,466,보문,142469,128929,21588,21090
Sep-20,6호선,467,안암(고대병원앞),191710,191430,25074,23460
Sep-20,6호선,468,고려대(종암),152238,144401,24167,24308
Sep-20,6호선,469,월곡(동덕여대),195678,190433,53607,53135
Sep-20,6호선,470,상월곡(한국과학기술연구원),110696,95001,29433,28651
Sep-20,6호선,471,돌곶이,151639,138334,38680,38252
Sep-20,6호선,472,석계,226303,229669,55780,56490
Sep-20,6호선,473,태릉입구,99562,109207,21117,22473
Sep-20,6호선,474,화랑대(서울여대입구),215680,166363,32927,29278
Sep-20,6호선,475,봉화산(서울의료원),165294,149298,35466,34501
Sep-20,6호선,476,신내,5,0,0,0
Sep-20,7호선,477,장암,48749,19443,8492,6027
Sep-20,7호선,478,도봉산,177535,207481,35323,51629
Sep-20,7호선,479,수락산,228867,227375,67858,68500
Sep-20,7호선,480,마들,212988,200064,60596,60231
Sep-20,7호선,481,노원,341368,366889,83056,84579
Sep-20,7호선,482,중계,253115,223786,63748,61300
Sep-20,7호선,483,하계,318195,298414,71557,68311
Sep-20,7호선,484,공릉(서울과학기술대),211217,209030,49981,50194
Sep-20,7호선,485,태릉입구,154172,143063,29956,27611
Sep-20,7호선,486,먹골,186860,178871,46008,46202
Sep-20,7호선,487,중화,207526,200138,47263,47211
Sep-20,7호선,488,상봉(시외버스터미널),335522,316592,52154,50392
Sep-20,7호선,489,면목,287859,276132,70940,73280
Sep-20,7호선,490,사가정,303564,300643,74117,73409
Sep-20,7호선,491,용마산(용마폭포공원),112665,106721,26843,29126
Sep-20,7호선,492,중곡,182655,166924,42222,43129
Sep-20,7호선,493,군자(능동),273429,211512,51904,46593
Sep-20,7호선,494,어린이대공원(세종대),234848,225564,27639,26913
Sep-20,7호선,495,건대입구,240763,251832,36345,32347
Sep-20,7호선,496,뚝섬유원지,168112,163790,30231,30771
Sep-20,7호선,497,청담,371415,415364,51228,49049
Sep-20,7호선,498,강남구청,310411,347829,33394,33299
Sep-20,7호선,499,학동,462368,497820,42733,39694
Sep-20,7호선,500,논현,394979,431983,38110,37606
Sep-20,7호선,501,반포,111091,107645,24481,23264
Sep-20,7호선,502,고속터미널,282684,248643,46041,40482
Sep-20,7호선,503,내방,270521,274730,47880,45851
Sep-20,7호선,504,이수,295146,290807,52679,50780
Sep-20,7호선,505,남성,209359,190209,48929,48736
Sep-20,7호선,506,숭실대입구(살피재),227079,226246,40850,41959
Sep-20,7호선,507,상도,198103,188495,40686,39099
Sep-20,7호선,508,장승배기,176292,168333,50260,50653
Sep-20,7호선,509,신대방삼거리,313709,294346,63906,66216
Sep-20,7호선,510,보라매,188780,185660,31380,30145
Sep-20,7호선,511,신풍,211254,197057,46133,47087
Sep-20,7호선,512,대림(구로구청),178609,179322,25259,24392
Sep-20,7호선,513,남구로,323909,345316,44750,44881
Sep-20,7호선,514,가산디지털단지,903567,907667,64811,61662
Sep-20,7호선,515,철산,416589,425256,70249,70079
Sep-20,7호선,516,광명사거리,429769,421290,116589,120961
Sep-20,7호선,517,천왕,197509,184102,40791,40026
Sep-20,7호선,518,온수(성공회대입구),209073,192481,30147,28756
Sep-20,7호선,519,까치울,150755,145108,20653,20906
Sep-20,7호선,520,부천종합운동장,86800,73976,14135,14022
Sep-20,7호선,521,춘의,192929,189806,24492,23648
Sep-20,7호선,522,신중동,276061,275630,37459,35872
Sep-20,7호선,523,부천시청,236443,235438,39316,37916
Sep-20,7호선,524,상동,241307,251077,34768,34762
Sep-20,7호선,525,삼산체육관,86222,77309,16545,16219
Sep-20,7호선,526,굴포천,169377,177566,24543,24955
Sep-20,7호선,527,부평구청,235181,193317,21730,18863
Sep-20,8호선,528,암사,346089,300557,74566,73615
Sep-20,8호선,529,천호(풍납토성),295805,343383,60444,56605
Sep-20,8호선,530,강동구청,181807,190380,44191,44841
Sep-20,8호선,531,몽촌토성(평화의문),98637,103848,21445,20449
Sep-20,8호선,532,잠실(송파구청),257533,297279,45274,43117
Sep-20,8호선,533,석촌,132098,155982,35071,36836
Sep-20,8호선,534,송파,146142,142874,38081,37859
Sep-20,8호선,535,가락시장,130201,150156,53367,55918
Sep-20,8호선,536,문정,404367,424988,41173,40955
Sep-20,8호선,537,장지,332256,325280,52224,49938
Sep-20,8호선,538,복정,193498,167489,30631,28072
Sep-20,8호선,539,산성,124974,121239,30922,34083
Sep-20,8호선,540,남한산성입구(성남법원.검찰청),245110,219861,60228,58073
Sep-20,8호선,541,단대오거리,176048,166678,50428,48197
Sep-20,8호선,542,신흥,73620,78687,29303,30688
Sep-20,8호선,543,수진,84283,74601,32189,31905
Sep-20,8호선,544,모란,62291,48007,40874,31443
Sep-20,9호선,601,개화,48262,35542,10524,8942
Sep-20,9호선,602,김포공항,153075,224445,12122,14150
Sep-20,9호선,603,공항시장,47161,51442,17590,19183
Sep-20,9호선,604,신방화,117114,113049,31927,31784
Sep-20,9호선,605,마곡나루(서울식물원),207181,208616,18658,18092
Sep-20,9호선,606,양천향교,169114,172827,32455,32163
Sep-20,9호선,607,가양,353358,342966,92444,90135
Sep-20,9호선,608,증미,126718,126941,33630,34138
Sep-20,9호선,609,등촌,176658,172788,58325,59233
Sep-20,9호선,610,염창,322664,313643,49284,48576
Sep-20,9호선,611,신목동,68269,60736,13840,13040
Sep-20,9호선,612,선유도,140727,136946,18319,17624
Sep-20,9호선,613,당산,345741,340572,44649,40623
Sep-20,9호선,614,국회의사당,286370,293634,28592,24834
Sep-20,9호선,615,여의도,438847,424358,28900,26507
Sep-20,9호선,616,샛강,94178,99745,16666,16269
Sep-20,9호선,617,노량진,464306,455310,69187,69707
Sep-20,9호선,618,노들,77684,65207,22802,20874
Sep-20,9호선,619,흑석(중앙대입구),134840,140806,37322,37441
Sep-20,9호선,620,동작(현충원),32750,25431,6916,5803
Sep-20,9호선,621,구반포,43219,44918,14357,14547
Sep-20,9호선,622,신반포,48932,48783,12583,12425
Sep-20,9호선,623,고속터미널,215759,294445,35050,40020
Sep-20,9호선,624,사평,52430,50917,12028,12230
Sep-20,9호선,625,신논현,599905,606781,42277,39119
Sep-20,공항철도 1호선,639,서울역,127852,120137,21629,19945
Sep-20,공항철도 1호선,640,공덕,41456,52138,4736,5393
Sep-20,공항철도 1호선,641,홍대입구,175241,175507,12021,11468
Sep-20,공항철도 1호선,642,디지털미디어시티,251648,228016,15680,14558
Sep-20,공항철도 1호선,643,마곡나루(서울식물원),143576,135549,7975,7866
Sep-20,공항철도 1호선,644,김포공항,208899,128304,13348,9431
Sep-20,공항철도 1호선,645,계양,188788,174201,18415,17302
Sep-20,공항철도 1호선,646,검암,147686,146458,13311,13559
Sep-20,공항철도 1호선,647,청라국제도시,129337,120989,8116,7954
Sep-20,공항철도 1호선,648,운서,125239,124033,18529,18476
Sep-20,공항철도 1호선,649,공항화물청사,47287,52689,7398,7494
Sep-20,공항철도 1호선,650,인천공항1터미널,76127,80564,11084,11139
Sep-20,공항철도 1호선,651,인천공항2터미널,43375,40907,4796,4333
Sep-20,공항철도 1호선,652,영종,52452,53507,13530,13577
Sep-20,9호선2~3단계,626,언주,187049,187455,18717,18391
Sep-20,9호선2~3단계,627,선정릉,178835,191714,15052,15437
Sep-20,9호선2~3단계,628,삼성중앙,120928,125373,15573,15070
Sep-20,9호선2~3단계,629,봉은사,283074,285946,26204,24684
Sep-20,9호선2~3단계,630,종합운동장,74731,72940,11324,10546
Sep-20,9호선2~3단계,631,삼전,117387,113584,23805,23270
Sep-20,9호선2~3단계,632,석촌고분,99749,97641,21718,21530
Sep-20,9호선2~3단계,633,석촌,144983,126232,21085,18561
Sep-20,9호선2~3단계,634,송파나루,76489,80881,16967,17485
Sep-20,9호선2~3단계,635,한성백제,41496,36725,9686,8887
Sep-20,9호선2~3단계,636,올림픽공원(한국체대),105645,104431,13399,13460
Sep-20,9호선2~3단계,637,둔촌오륜,18415,16355,4072,4121
Sep-20,9호선2~3단계,638,중앙보훈병원,144872,122838,55021,54542
Sep-20,우이신설선,696,북한산우이,43417,39325,26078,27508
Sep-20,우이신설선,697,솔밭공원,32745,30529,21576,22694
Sep-20,우이신설선,698,4.19민주묘지,37894,37524,27137,24332
Sep-20,우이신설선,699,가오리,56883,54748,32940,34259
Sep-20,우이신설선,700,화계,45914,41041,29784,30133
Sep-20,우이신설선,701,삼양,25449,26815,20365,22668
Sep-20,우이신설선,702,삼양사거리,28146,28819,27034,27742
Sep-20,우이신설선,703,솔샘,95595,86303,26979,27811
Sep-20,우이신설선,704,북한산보국문,99639,91881,30094,30726
Sep-20,우이신설선,705,정릉,66493,60047,33930,31834
Sep-20,우이신설선,706,성신여대입구(돈암),46336,54482,21089,20451
Sep-20,우이신설선,707,보문,22872,22644,11509,11968
Sep-20,우이신설선,708,신설동,30836,31742,19293,17142
